ABC	Abcam Plc
ABD	Aberdeen New Dawn Investment Trust Plc
ABDP	Ab Dynamics Plc
ABF	Associated British Foods Plc
ACC	Access Intelligence Plc
ACID	Acer Incorporated
ACP	Armadale Capital Plc
ACRL	Accrol Group Holdings Plc
ACSO	Accesso Technology Group
ACT	Actual Experience Plc
ADA	Adams Plc
ADAM	Adamas Finance Asia Limi
ADES	Ades International Holding Plc
ADIG	Aberdeen Diversified Income and Growth T
ADM	Admiral Group Plc
ADME	Adm Energy Plc
ADT	Adept Telecom Plc
ADT1	Adriatic Metals Plc
ADV	Advent Vct
AEFS	Alcentra European Floating Rate Income F
AEG	Active Energy Group Plc
AEJ	Lyxor International Asse
AEMC	Aberdeen Emerging Markets Investment Com
AEO	Aeorema Communications Plc
AEP	Anglo-Eastern Plantations Plc
AERI	Aquila European Renewables Income Fund P
AEWU	Aew UK REIT Plc
AEX	Aminex Plc
AFC	Afc Energy Plc
AFHP	Afh Financial Group Plc
AFM	Alpha Financial Markets Consulting Plc
AFMC	Aberdeen Frontier Markets Investment Com
AFN	Advfn Plc
AFS	Amiad Water Systems Ltd
AFSU	Lyxor International Asse
AFX	Alpha FX Group Plc
AGFX	Argentex Group Plc
AGK	Aggreko Plc
AGL	Angle Plc
AGM	Applied Graphene Materia
AGOU	Ashmore Global Opportunities Limited
AGR	Assura Group Ld
AGRO	Ros Agro Plc
AGT	Avi Global Trust Plc
AGTA	Agriterra Ld
AGY	Allergy Therapeutics Plc
AHT	Ashtead Group Plc
AIAG	Legal & General Ucits ETF Public Limited
AIBG	Aib Group Plc
AIE	Ashoka India Equity Investment Trust Plc
AIEA	Airea Plc
AIF	Acorn Income Fund Ld
AIQ	Aiq Limited
AIR	Air Partner Plc
AJB	Aj Bell Plc
AJG	Atlantis Japan Growth Fund Ld
AJIT	Aberdeen Japan Investmen
AJOT	Avi Japan Opportunity Trust Plc
AKRN	Jsc Acron
ALAI	Aberdeen Latin American Income Fund Limi
ALBA	Alba Mineral Resources Plc
ALF	Alternative Liquidity Fu
ALFA	Alfa Financial Software Holdings Plc
ALGW	Alpha Growth Plc
ALM	Allied Minds Plc
ALP2	Alpha Plus Holdings Plc
ALQD	DB X-Trackers II
ALS	Altus Strategies Plc
ALT	Altitude Group Plc
ALTN	Altyn Plc
ALU	Alumasc Group Plc
AMAT	Amati Aim Vct Plc
AMC	Amur Minerals Corporation
AMGO	Amigo Holdings Plc
AML	Aston Martin Lagonda Global Holdings Plc
AMO	Amino Technologies Plc
AMS	Advanced Medical Solutions Group Plc
AMYT	Amryt Pharma Plc
AMZ2	Leverage Shares Public Limited Company
ANCR	Animalcare Group Plc
ANG	Angling Direct Plc
ANGS	Angus Energy Plc
ANIC	Agronomics Limited
ANII	Aberdeen New India Investment Trust Plc
ANP	Anpario Plc
ANTO	Antofagasta Plc
ANW	Aberdeen New Thai Investment Trust Plc
ANX	Anexo Group Plc
AO	AO World
AOF	Africa Opportunity Fund Limited
AOGL	Attis Oil and Gas Ltd
AOR	Aortech International Plc
APAX	Apax Global Alpha Limite
APF	Anglo Pacific Group Plc
APGN	Applegreen Plc
APH	Alliance Pharma Plc
APP	Appreciate Group Plc
APQ	Apq Global Limited
APTD	Aptitude Software Group Plc
AQSG	Aquila Services Group Plc
AQX	Aquis Exchange Plc
ARB	Argo Blockchain Plc
ARBB	Arbuthnot Banking Group Plc
ARC	Arcontech Group Plc
ARCM	Arc Minerals Limited
ARDN	Arden Partners Plc
ARE	Arena Events Group Plc
ARG	Argos Resources Limited
ARGO	Argo Group Limited
ARIX	Arix Bioscience Plc
ARK	Arkle Resources Plc
ARR	Aurora Investment Trust Plc
ARS	Asiamet Resources Limite
ARTL	Alpha Real Trust Limited
ARW	Arrow Global Group Plc
ASAI	ASA International Group Plc
ASC	Asos Plc
ASCI	Aberdeen Smaller Companies Income Trust
ASCL	Ascential Plc
ASEI	Aberdeen Standard Equity Income Trust Pl
ASHM	Ashmore Group Plc
ASHR	DB X-Trackers
ASIL	Lyxor International Asse
ASIT	Aberforth Split Level Income Trust Plc
ASIU	Lyxor International Asse
ASIZ	Aberforth Split Level Income Trust Plc
ASL	Aberforth Smaller Companies Trust Plc
ASLI	Aberdeen Standard European Logistics Inc
AST	Ascent Resources Plc
ASTO	Assetco Plc
ASY	Andrews Sykes Group Plc
ATAD	Oao Tatneft
ATM	Afritin Mining Limited
ATMA	Atlas Mara Co-Nvest Limi
ATQT	Attraqt Group Plc
ATR	Asian Total Return Inves
ATS	Artemis Alpha Trust Plc
ATST	Alliance Trust Plc
ATT	Allianz Technology Trust
ATY	Athelney Trust Plc
ATYM	Atalaya Mining Plc
AUAD	UBS [Irl] ETF Plc
AUCA	Auction Gilt
AUCO	Etfx Fund Company Plc
AUCT	Auctus Growth Plc
AUG	Augean Plc
AUGA	UBS [Irl] ETF Plc
AUGM	Augmentum Fintech Plc
AUK	Aukett Fitzroy Robinson Group Plc
AURA	Aura Energy Limited
AUTG	Autins Group Plc
AUTO	Auto Trader Group Plc
AV	Aviva
AV.A	Aviva Plc
AVAP	Avation Plc
AVCT	Avacta Group Plc
AVG	Avingtrans Plc
AVO	Advanced Oncotherapy Plc
AVON	Avon Rubber Plc
AVST	Avast Plc
AVV	Aveva Group Plc

AWSG	UBS [Irl] ETF Plc
AXB	Axis Bank Limited
AXI	Axiom European Financial Debt Limited
AXS	Accsys Technologies Plc
AYM	Anglesey Mining Plc
AZN	Astrazeneca Plc
BA	Bae Systems Plc
BAB	Babcock International Group Plc
BAF	British & American Investment Trust Plc
BAG	Barr [A.G.] Plc
BAKK	Bakkavor Group Plc
BAR	Brand Architekts Group Plc
BARC	Barclays Plc
BATG	Go Ucits ETF Solutions Plc
BATS	British American Tobacco Plc
BATT	Go Ucits ETF Solutions Plc
BBB	Bigblu Broadband Plc
BBGI	Bilfinger Berger Global Infrastructure S
BBH	Bb Healthcare Trust Plc
BBOX	Tritax Big Box REIT Plc
BBSN	Brave Bison Group Plc
BBY	Balfour Beatty Plc
BC12	Better Capital Pcc Limit
BC94	Samsung Electronics Co L
BCAP	Better Capital Pcc Limited
BCHN	Invesco Markets II Plc
BCI	BMO Capital & Income Investment Trust Pl
BCN	Bacanora Minerals Ltd
BCOG	Go Ucits ETF Solutions Plc
BCPT	BMO Commercial Property Trust Ltd.
BDEV	Barratt Developments Plc
BEE	Baring Emerging Europe Plc
BEG	Begbies Traynor Group Plc
BEL1	Retail Charity Bonds Plc
BEM	Beowulf Mining Plc
BENE	Boost Issuer Public Limited Company
BERI	Blackrock Energy and Resources Income TR
BERM	Bermele Plc
BEZ	Beazley Plc
BGEO	Bank of Georgia Holdings Plc
BGEU	Baillie Gifford European Growth Trust
BGFD	Baillie Gifford Japan Trust Plc
BGHL	Boussard & Gavaudan Holding Limited
BGLF	Blackstone / Gso Loan FI
BGLP	Blackstone / Gso Loan Financing Limited
BGO	Bango Plc
BGS	Baillie Gifford Shin Nippon Plc
BGSC	BMO Global Smaller Companies Plc
BGUK	Baillie Gifford UK Growth Fund Plc
BHGG	Bh Global Limited
BHI	BMO UK High Income Trust Plc
BHMG	Bh Macro Limited
BHP	Bhp Group Plc
BHRD	BE Heard Group Plc
BIDS	Bidstack Group Plc
BIFF	Biffa Plc
BIGT	Go Ucits ETF Solutions Plc
BILB	Bilby Plc
BILN	Billington Holdings Plc
BIOG	Biotech Growth Trust [The] Plc
BIOM	Biome Technologies Plc
BIOT	Go Ucits ETF Solutions Plc
BIRD	Blackbird Plc
BIRG	Bank of Ireland Group Plc
BISI	Bisichi Mining Plc
BKG	Berkeley Group Holdings [The] Plc
BKS	Beeks Financial Cloud Group Plc
BKY	Berkeley Resources Limited
BLBD	Blom Bank Sal
BLND	British Land Company Plc
BLOE	Block Energy Plc
BLOK	First Trust Global Funds Public Limited
BLP	Blue Planet International Financials Inv
BLTG	Blancco Technology Group Plc
BLU	Blue Star Capital Plc
BLV	Belvoir Group Plc
BLVN	Bowleven Plc
BMD	Baronsmead Vct 3 Plc
BME	B&M European Value Retai
BMK	Benchmark Holdings Plc
BMN	Bushveld Minerals Limited
BMPG	BMO Managed Portfolio Trust Plc
BMS	Braemar Shipping Services Plc
BMT	Braime [T.F. & J.H.] [Holdings] Plc
BMTO	Braime Group Plc
BMV	Bluebird Merchant Ventures Ltd
BMY	Bloomsbury Publishing Plc
BNC	Banco Santander S.A.
BNKR	Bankers Investment Trust Plc
BNZL	Bunzl Plc
BOCH	Bank of Cyprus Holdings Public Limited C
BOD	Botswana Diamonds Plc
BOE	Boeing Co.
BOIL	Baron Oil Plc
BOKU	Boku Inc
BONH	Bonhill Group Plc
BOO	Boohoo.com Plc
BOOM	Audioboom Group Plc
BOOT	Boot [Henry] Plc
BOR	Borders & Southern Petroleum Plc
BOTB	Best of The Best Plc
BOWL	Hollywood Bowl Group Plc
BOXE	Tritax Eurobox Plc
BOY	Bodycote Plc
BP	Bp - British Petroleum Plc
BP.A	BP Plc
BPC	Bahamas Petroleum Company Plc
BPCR	Biopharma Credit Plc
BPET	BMO Private Equity Trust Plc
BPM	B.P. Marsh & Partners Plc
BQAD	Bank Audi S.A.L.
BR88	3I Group Plc
BRBY	Burberry Group Plc
BRCK	Brickability Group Plc
BRD	Bluerock Diamonds Plc
BREE	Breedon Aggregates Ld
BREI	BMO Real Estate Investments Limited
BRES	Blencowe Resources Plc
BRFI	Blackrock Frontiers Investment Trust Plc
BRGE	Blackrock Greater Europe Investment Trus
BRH	Braveheart Investment Group Plc
BRIG	Blackrock Income and Growth Investment T
BRK	Brooks Macdonald Group Plc
BRLA	Blackrock Latin American Investment Trus
BRNA	Blackrock North American
BRND	Boost Issuer Public Limi
BRSC	Blackrock Smaller CO Trust Plc
BRT3	UBS Ag
BRW	Brewin Dolphin Holdings Plc
BRWM	Blackrock World Mining Trust Plc
BSC	British Smaller Companies Vct2 Plc
BSD	B.S.D Crown Ltd
BSE	Base Resources Limited
BSFA	Bsf Enterprise Plc
BSIF	Bluefield Solar Income F
BSRT	Baker Steel Resources Trust Limited
BSV	British Smaller Companies Vct Plc
BT.A	Bt Group Plc
BUOY	Lyxor Index Fund
BUR	Burford Capital Limited
BUR2	Burford Capital Plc
BUR4	Burford Capital Finance Llc
BUT	Brunner Investment Trust Plc
BUYB	Powershares Glbal Funds
BVA	Banco Bilbao Vizcaya Argentaria Sa
BVC	Batm Advanced Communications Ld
BVIC	Britvic Plc
BVT	Baronsmead Vct 2 Plc
BVXP	Bioventix Plc
BWNG	Brown [N] Group Plc
BWRA	Bristol Water Plc
BWSA	Bristol & West Plc
BWY	Bellway Plc
BXP	Beximco Pharmaceuticals Limited
BYG	Big Yellow Group Plc
BYOT	Byotrol Plc
BZT	Bezant Resources Plc
C4XD	C4X Discovery Holdings P
CACX	Lyxor International Asse
CAD	Cadogan Petroleum Plc
CAF1	Retail Charity Bonds Plc
CAL	Capital & Regional Plc
CALL	Cloudcall Group Plc
CAM	Camellia Plc
CAMB	Cambria Automobiles Plc
CAML	Central Asia Metals Plc
CAPC	Capital & Counties Properties Plc
CAPD	Capital Drilling Limited
CAPE	Ossiam Lux
CAR	Carclo Plc
CARD	Card Factory Plc
CARR	Carr's Group Plc
CASE	Go Ucits ETF Solutions P
CASP	Caspian Sunrise Plc
CAT	Catco Reinsurance Opportunities Fund Lim
CAU	Centaur Media Plc
CAY	Charles Stanley Group Plc
CBA	Ceiba Investments Limited
CBG	Close Brothers Group Plc
CBKD	Commercial International
CBOX	Cake Box Holdings Plc
CBP	Curtis Banks Group Plc
CCC	Computacenter Plc
CCEP	Coca-Cola European Partners Plc
CCH	Coca-Cola Hbc Ag
CCJI	CC Japan Income & Growth Trust Plc
CCL	Carnival Plc
CCP	Celtic Plc
CCPE	Cvc Credit Partners Euro
CCR	C&C Group Plc
CCS	Crossword Cybersecurity Plc
CCSL	Chenavari Capital Soluti
CCT	Character Group Plc
CDFF	Cardiff Property Plc
CDM	Codemasters Group Holdings Plc
CECD	Lyxor International Asse
CEIR	Compal Electronics Inc
CEMA	CS ETF [Ie] Plc
CEPS	Ceps Plc
CER	Cerillion Plc
CERP	Columbus Energy Resources Plc
CEU	CS ETF [Ie] Plc
CEY	Centamin Plc
CFX	Colefax Group Plc
CFYN	Caffyns Plc
CGB	DB X-Trackers II
CGEO	Georgia Capital Plc
CGH	Chaarat Gold Holdings Ltd
CGI	Canadian General Investments Ld
CGNR	Conroy Gold & Natural Resources Plc
CGO	Contango Holdings Plc
CGS	Castings Plc
CGT	Capital Gearing Trust Plc
CGW	Chelverton Growth Trust Plc
CHAL	Challenger Acquisitions
CHAR	Chariot Oil & Gas Limited
CHF	Chesterfield Resources Plc
CHG	Chemring Group Plc
CHH	Churchill China Plc
CHIN	Icbc Credit Suisse Ucits ETF Sicav
CHRT	Cohort Plc
CIC	Conygar Investment Company Plc [The]
CIFU	Carador Income Fund Plc
CIHL	Caribbean Investment Holdings Limited
CIN	City of London Group Plc
CIND	CS ETF [Ie] Plc
CINE	Cineworld Group Plc
CIP	Cip Merchant Capital Limited
CIR	Circassia Pharmaceutical
CIT2	Leverage Shares Public Limited Company
CKN	Clarkson Plc
CKT	Checkit Plc
CLC	Calculus Vct Plc
CLCO	Cloudcoco Group Plc
CLDN	Caledonia Investments Plc
CLG	Clipper Logistics Plc
CLI	Cls Holdings Plc
CLIG	City of London Investment Group Plc
CLIN	Clinigen Group Plc
CLL	Cello Group Plc
CLNR	Cluff Natural Resources Plc
CLON	Clontarf Energy Plc
CLP	Clear Leisure Plc
CLSU	Clearstar Inc
CMB	Cambria Africa Plc
CMCL	Caledonia Mining Corporation
CMCX	Cmc Markets Plc
CMFP	Etfx Fund Company Plc
CMH	Chamberlin Plc
CMHY	City Merchants High Yield Trust Limited
CML	Cml Microsystems Plc
CMOD	Source Markets Public Limited Company
CMX	Catalyst Media Group Plc
CMXC	CS ETF [Ie] Plc
CNA	Centrica Plc
CNC	Concurrent Technologies Plc
CNCT	Connect Group Plc
CNDX	CS ETF [Ie] Plc
CNE	Cairn Energy Plc
CNEL	China New Energy Limited
CNG	China Nonferrous Gold Li
CNIC	Centralnic Group Plc
CNKS	Cenkos Securities Plc
CNKY	CS ETF [Ie] Plc
CNN	Caledonian Trust Plc
CNR	Condor Gold Plc
CNS	Corero Network Security Plc
CNSD	China Steel Corporation
COA	Coats Group Plc
COBR	Cobra Resources Plc
COD	Compagnie DE Saint Gobain Sa
COG	Cambridge Cognition Hold
COM	Comptoir Group Plc
COMF	Etfx Fund Company Plc
COPL	Canadian Overseas Petrol
CORA	Cora Gold Limited
CORO	Coro Energy Plc
COS	Collagen Solutions Plc
COST	Costain Group Plc
COWZ	Pacer US Cash Cows 100 Index
CPC	City Pub Group Plc [The]
CPG	Compass Group Plc
CPI	Capita Plc
CPP	Cppgroup Plc
CPS	Cpl Resources Plc
CPT	Concepta Plc
CPX	Cap-Xx Limited
CPXJ	CS ETF [Ie] Plc
CRBL	Lyxor International Asse
CRC	Circle Property Plc
CRDA	Croda International Plc
CREI	Custodian REIT Plc
CREO	Creo Medical Group Plc
CRH	CRH Plc
CRL	Creightons Plc
CRM2	Leverage Shares Public Limited Company
CRN	Cairn Homes Plc
CRNL	Lyxor International Asse
CRPR	Cropper [James] Plc
CRPX	Lyxor International Asse
CRS	Crystal Amber Fund Limited
CRST	Crest Nicholson Holdings
CRU	Coral Products Plc
CRV	Craven House Capital Plc
CRW	Craneware Plc
CRWN	Crown Place Vct Plc
CSCA	CS ETF [Ie] Plc
CSH	Civitas Social Housing Plc
CSH2	Lyxor Index Fund
CSHD	Lyxor International Asse
CSJP	CS ETF [Ie] Plc
CSN	Chesnara Plc
CSP	Countryside Properties Plc
CSPX	CS ETF [Ie] Plc
CSSG	Croma Security Solutions Group Plc
CSUK	CS ETF [Ie] Plc
CTEA	Catenae Innovation Plc
CTEC	Convatec Group Plc
CTG	Christie Group Plc
CTH	Caretech Holdings Plc
CTI	Cathay International Holdings Ld
CTO	Tclarke Plc
CTY	City of London Investment Trust Plc
CUKS	CS ETF [Ie] Plc
CVSG	CVS Group Plc
CWD	Countrywide Plc
CWK	Cranswick Plc
CWR	Ceres Power Holdings Plc
CYAN	Cyanconnode Holdings Plc
CYN	Cqs Natural Resources Growth & Income Plc
CYS	Chrysalis Vct Plc
CZN	Curzon Energy Plc
D4T4	D4T4 Solutions Plc
DAL	Dalata Hotel Group Plc
DATA	Globaldata Plc
DBOX	Digitalbox Plc
DC	Dixons Carphone
DCC	Dcc Plc
DCI	Dolphin Capital Investors Limited
DCTA	Directa Plus Plc
DDDD	4D Pharma Plc
DDV1	Downing One Vct Plc
DEL2	Go Ucits ETF Solutions P
DELT	DELTA ELECTRONICS INC GDR EACH REPR 5 ORD SHS 'REG S'
DEMG	Deltex Medical Group Plc
DEMV	Ossiam Lux
DES2	Go Ucits ETF Solutions P
DEST	Destiny Pharma Plc
DEV	Dev Clever Holdings Plc
DEVC	Draper Esprit Vct Plc
DFCH	Distribution Finance Capital Holdings Pl
DFS	Dfs Furniture Plc
DGE	Diageo Plc
DGN	Asia Dragon Trust Plc
DGOC	Diversified Gas & Oil Plc
DIA	Dialight Plc
DIG	Dunedin Income Growth Investment Trust P
DIGS	Gcp Student Living Plc
DIS	Distil Plc
DISH	Bigdish Plc
DIVI	Diverse Income Trust [The] Plc
DJEL	Lyxor International Asse
DKE	Dukemount Capital Plc
DKL	Dekel Agri-Vision Plc
DL2P	Go Ucits ETF Solutions P
DLAR	DE LA Rue Plc
DLG	Direct Line Insurance Gr
DLN	Derwent London Plc
DMGT	Daily Mail & General Trust Plc
DMTR	Deepmatter Group Plc
DNA	Doric Nimrod Air One Limited
DNA2	Doric Nimrod Air Two Lim
DNA3	Doric Nimrod Air Three L
DNE	Dunedin Enterprise Investment Trust Plc
DNK	Danakali Limited
DNL	Diurnal Group Plc
DNLM	Dunelm Group Plc
DOCG	Legal & General Ucits ETF Public Limited
DODS	Dods [Group] Plc
DOM	Domino's Pizza Group Plc
DOTD	Dotdigital Group Plc
DP2G	Downing Two Vct Plc
DP3F	Downing Three Vct Plc
DPA	Dp Aircraft I Limited
DPEU	Dp Eurasia N.V.
DPH	Dechra Pharmaceuticals Plc
DPLM	Diploma Plc
DPP	Dp Poland Plc
DRIP	Drum Income Plus REIT Pl
DRV	Driver Group Plc
DRX	Drax Group Plc
DS2P	Go Ucits ETF Solutions P
DSCF	Retail Charity Bonds Plc
DSCV	Discoverie Group Plc
DSG	Dillistone Group Plc
DSM	Downing Strategic Micro-Cap Investment T
DTEC	DIAMONDTECH INC ORD GBP0.00125
DTG	Dart Group Plc
DTVL	Dish TV India Limited
DTY	Dignity Plc
DUKE	Duke Royalty Limited
DVO	Devro Plc
DWF	Dwf Group Limited
DWHA	Dewhurst Plc
DX	DX Group
DXRX	Diaceutics Plc
E3X0580	Ftseurofirst 300 Alterna
E3X8630	Ftseurofirst 300 Real Estate Investment
EAH	Eco Animal Health Group Plc
EAI	Entertainment Ai Plc
EAT	European Assets Trust NV
EBOX	Tritax Eurobox Plc
EBQ	Ebiquity Plc
EBW2	Bmw Finance N.V.
ECEL	Eurocell Plc
ECHO	Echo Energy Plc
ECK	Eckoh Plc
ECM	Electrocomponents Plc
ECO	Eco [Atlantic] Oil & Gas Ltd
ECOG	Go Ucits ETF Solutions Plc
ECOW	Pacer Emerging Markets Cash Cows 100 Ind
ECOWN	Pacer Emerging Markets Cash Cows 100 Net
ECR	Ecr Minerals Plc
ECSC	Ecsc Group Plc
EDEN	Eden Research Plc
EDF1	Electricite DE France Sa
EDGH	Edge Performance Vct Plc
EDIN	Edinburgh Investment Trust Plc
EDL	Edenville Energy Plc
EDR	Egdon Resources Plc
EEE	Engel East Europe
EFGD	Efg-Hermes Holding S.A.E
EFID	Edita Food Industries S.
EFIE	Source Markets Public Li
EFIM	Invesco Markets Plc
EFIS	Source Markets Public Li
EGAS	Epra Asia Index [Eur]
EGL	Ecofin Global Utilities and Infrastructu
EGNA	Epra North America Index
EGXU	Epra/Nareit Global [Ex Us] Index
EHEF	Fundlogic Alternatives Plc
EHS1	HSBC Bank Funding Ster
EHZ3	Hj Heinz Finance UK Plc
EJFI	Ejf Investments Ltd
EKF	Ekf Diagnostics Holdings Plc
ELAU	Epra Australia Index
ELCO	Eleco Plc
ELHK	Epra Hong Kong Index
ELJP	Epra Japan Index
ELLA	Ecclesiastical Insurance Office Plc
ELLE	Lyxor Index Fund
ELM	Elementis Plc
ELSA	Societatea Comerciala DE
ELTA	Electra Private Equity Plc
ELUK	Epra UK Index
ELV2	Lvmh Moet Hennessy Louis Vuitton Se
EMAN	Everyman Media Group Plc
EME	Empyrean Energy Plc
EMG	Man Group Plc
EMH	European Metals Holdings Limited
EMHD	Powershares Glbal Funds Ireland Plc
EMIS	Emis Group Plc
EML	Emmerson Plc
EMLI	Pimco Fixed Income Sourc
EMR	Empresaria Group Plc
ENAD	Epra/Nareit Asia Index [Us Version]
ENET	Ethernity Networks Ltd
ENGD	Epra/Nareit Global Index
ENGI	Energiser Investments Plc
ENGL	Epra Global Index
ENOG	Energean Oil & Gas Plc
ENPL	En+ Group Plc
ENQ	Enquest Plc
ENUD	Epra/Nareit US Index
EOG	Europa Oil & Gas [Holdings] Plc
EPA7	Phoenix Life Ltd
EPB6	Petrobras Global Finance
EPEU	Epra Euro Zone Index
EPG	Ep Global Opportunities Trust Plc
EPHG	Epra Europe [Uk Restricted] Index
EPIC	Ediston Property Investm
EPRA	Epra Europe Index
EPWN	Epwin Group Plc
EQGB	Powershares Glbal Funds Ireland Plc
EQLS	Equals Group Plc
EQN	Equiniti Group Plc
EQQQ	Powershares Glbal Funds Ireland Plc
EQQU	Powershares Glbal Funds
EQT	Eqtec Plc
ERB1	Cooperatieve Rabobank Ua
ERGO	Ergomed Plc
ERIS	Erris Resources Plc
ERM	Euromoney Institutional Investor Plc
ESC	Escape Hunt Plc
ESG6	Assicurazioni Generali Spa
ESGE	Invesco Markets II Plc
ESK0	Sky Plc
ESL	Eddie Stobart Logistics Plc
ESNT	Essentra Plc
ESO	Epe Special Opportunities Plc
ESP	Empiric Student Property
ESS2	Svenska Handelsbanken Ab
ESYS	Essensys Plc
ETLN	Etalon Group Limited
ETO2	Total Capital Intl Sa
ETX	E-Therapeutics Plc
EUHD	Powershares Glbal Funds Ireland Plc
EUMV	Ossiam Lux
EUZ	Europa Metals Ltd
EVE	Eve Sleep Plc
EVG	Evgen Pharma Plc
EVR	Evraz Plc
EWI	Edinburgh Worldwide Investment Trust Plc
EXPN	Experian Plc
EYE	Eagle Eye Solutions Grou
EZF2	Zurich Finance [Uk] Plc
EZJ	Easyjet Plc
F4GAS	Ftse4Goodaseanind
F4GEM	Ftse4Goodemergind
F4GLA	Ftse4Goodemlatamind
F4GTTE	Ftse4Good Tip Taiwan ESG Index
FAB	Fusion Antibodies Plc
FAGB	Powershares Glbal Funds Ireland Plc
FAIR	Fair Oaks Income Fund Li
FAN	Volution Group Plc
FAR	Ferro-Alloy Resources Limited
FARN	Faron Pharmaceuticals Oy
FAS	Fidelity Asian Values Plc
FB2	Leverage Shares Public Limited Company
FBH	Fbd Holdings Plc
FBT	Blackbird Plc
FCAP	Finncap Group Plc
FCCN	French Connection Group Plc
FCH	Funding Circle Holdings Plc
FCIT	F&C Investment Trust Plc
FCNBCA	
FCRM	Fulcrum Utility Services Ld
FCSS	Fidelity China Special Situations Plc
FDBK	Feedback Plc
FDEV	Frontier Developments Pl
FDM	Fdm Group [Holdings] Plc
FDN	First Trust Global Funds Public Limited
FDP	First Derivatives Plc
FEDS	Federal Bank Limited [Th
FEES	Jsc Federal Grid Company
FEET	Fundsmith Emerging Equit
FEM	First Trust Global Funds
FEN	Frenkel Topping Group Plc
FERG	Ferguson Plc
FEUD	First Trust Global Funds Public Limited
FEUZ	First Trust Global Funds
FEV	Fidelity European Values Plc
FEVR	Fevertree Drinks Plc
FEX	First Trust Global Funds
FFWD	Fastforward Innovations Limited
FGBL	First Trust Global Funds
FGP	Firstgroup Plc
FGT	Finsbury Growth & Income Trust Plc
FIF	Finsbury Food Group Plc
FIH	Fih Group Plc
FIPP	Frontier Ip Group Plc
FIVE	X5 Retail Group N.V
FJET	Fastjet Plc
FJPU	First Trust Global Funds Public Limited
FJV	Fidelity Japanese Values Plc
FKE	Fiske Plc
FKU	First Trust Global Funds
FKUD	First Trust Global Funds Public Limited
FLK	Fletcher King Plc
FLO	Flowtech Fluidpower Plc
FLQL1	Libertyq US Large Cap Equity Index
FLQM1	Libertyq US Mid Cap Equity Index
FLQS1	Libertyq US Scall Cap Equity Index
FLTA	Filta Group Holdings Plc
FLTR	Flutter Entertainment Plc
FLX	Falanx Group Limited
FOG	Falcon Oil & Gas Ltd
FORT	Forterra Plc
FOUR	4Imprint Group Plc
FOX	Fox Marble Holdings Plc
FOXT	Foxtons Group Plc
FP	Friends Provident
FPO	First Property Group Plc
FPX	First Trust Global Funds
FRAN	Franchise Brands Plc
FRES	Fresnillo Plc
FRP	Fairpoint Group Plc
FRTW100	Tsec RAFI Taian 100 Inde
FRTW50	Tsec RAFI Taian 50 Index
FSFL	Foresight Solar Fund Lim
FSJ	Fisher [James] & Sons Plc
FSKY	First Trust Global Funds Public Limited
FSTA	Fuller Smith & Turner Plc
FSV	Fidelity Special Values Plc
FTC	Filtronic Plc
FTEK	Source Markets Public Limited Company
FTEU	First Trust Global Funds Public Limited
FTF	Foresight 4 Vct Plc
FTFX	First Trust Global Funds Public Limited
FTSV	Foresight Solar Vct Plc
FTUGAS	Epra/Nareit Asia Index [Usd]
FTV	Foresight Vct Plc
FUL	The Fulham Shore Plc
FUM	Futura Medical Plc
FUTR	Future Plc
FXGB	First Trust Global Funds Public Limited
FXPO	Ferrexpo Plc
FXRU	Finex Funds Plc
G3E	G3 Exploration Limited
G4M	Gear4Music [Holdings] Pl
GABI	Gcp Asset Backed Income Fund Limited
GACA	General Accident Plc
GAID	Gail [India] Ld
GAL	Galantas Gold Corporation
GAMA	Gamma Communications Plc
GATC	Gattaca Plc
GAW	Games Workshop Group Plc
GAZ	Jsc Gazprom Neft
GBG	Gb Group Plc
GBP	Global Petroleum Limited
GBS	Gold Bullion Securities Ld
GCG	Golden Rock Global Plc
GCL	Geiger Counter Limited
GCM	Gcm Resources Plc
GCP	Gcp Infrastructure Investments Limited
GCS	Geiger Counter Limited
GDP	Goldplat Plc
GDR	Genedrive Plc
GDWN	Goodwin Plc
GDX	Market Vectors Ucits ETF
GEC	General Electric Company
GEEC	Great Eastern Energy Corporation Limited
GEF	Fundlogic Alternatives P
GEM	Gemfields Plc
GEMD	Gem Diamonds Limited
GEND	Lyxor Index Fund
GENE	UBS [Irl] ETF Plc
GENL	Genel Energy Plc
GETB	Getbusy Plc
GFHG	Grand Fortune High Grade Limited
GFIN	Gfinity Plc
GFM	Griffin Mining Limited
GFRD	Galliford TRY Plc
GFS	G4S Plc
GFTU	Grafton Group Plc
GGP	Greatland Gold Plc
GHE	Gresham House Plc
GHG	Georgia Healthcare Group Plc
GHH	Gooch & Housego Plc
GHS	Gresham House Strategic Plc
GHT	Gresham Computing Plc
GIF	Gulf Investment Fund Plc
GINC	First Trust Global Funds Public Limited
GINV	Global Invacom Group Lim
GKP	Gulf Keystone Petroleum Ltd
GLB	Glanbia Plc
GLDU	UBS Ag
GLE	Gleeson [M.J.] Group Plc
GLEN	Glencore Xstrata Plc
GLGG	Legal & General Ucits ETF Public Limited
GLIF	Greenwich Loan Income Fund Ld
GLIZ	Gli Finance Limited
GLO	Contourglobal Plc
GLPR	Global Ports Investments
GLR	Galileo Resources Plc
GLT5	Invesco Markets II Plc
GLTR	Globaltrans Investment P
GLUG	Legal & General Ucits ETF Public Limited
GLV	Glenveagh Properties Plc
GMAA	Gama Aviation Plc
GMP	Gabelli Merger Plus+ Trust Plc
GMR	Gaming Realms Plc
GMS	Gulf Marine Services Plc
GNC	Greencore Group Plc
GNS	Genus Plc
GOCO	Gocompare.com Group Plc
GOG	Go-Ahead Group Plc
GOLB	RBS Market Access
GOO2	Leverage Shares Public Limited Company
GOOD	Good Energy Group Plc
GOOE	Leverage Shares Public Limited Company
GPBGI204	Focused Value Select Index
GPCSP002	CSOP Developed All Cap Aerospace & Defen
GPCSP004	CSOP Developed All Cap Ex Korea Brewers
GPH	Global Ports Holding Plc
GPLGHE01	Heitman Prime Real Estate Index
GPM	Golden Prospect Precious Metals Limited
GPOR	Great Portland Estates Plc
GPSS	Golden Prospect Precious Metals Limited
GPSYNT01	Syntax Stratified 1000 Index
GPSYNT02	Syntax Stratified 1000 Net Tax Index
GR1T	Grit Real Estate Income Group Limited
GRA	Grafenia Plc
GRC	Grc International Group Plc
GRG	Greggs Plc
GRI	Grainger Plc
GRID	Gresham House Energy Storage Fund Plc
GRIO	Ground Rents Income Fund Plc
GRIT	Global Resources Investm
GRIW	Ground Rents Income Fund Plc
GRL	Goldstone Resources Limited
GROW	Draper Esprit Plc
GRP	Greencoat Renewables Plc
GRTB	Guaranty Trust Bank Plc
GS2	Leverage Shares Public Limited Company
GSF	Gore Street Energy Storage Fund Plc
GSHT	Retail Charity Bonds Plc
GSK	Glaxosmithkline Plc
GSS	Genesis Emerging Markets Fund Ld
GST	Golden Saint Technologies Limited
GTC	Getech Group Plc
GTE	Gran Tierra Energy Inc.
GTLY	Gateley [Holdings] Plc
GUN	Gunsynd Plc
GUS	Gusbourne Plc
GV1A	Gresham House Renewable Energy Vct 1 Plc
GVC	Gvc Holdings Plc
GVP	Gabelli Value Plus+ Trus
GWI	Globalworth Real Estate
GWMO	Great Western Mining Corporation Plc
GYG	Gyg Plc
GYM	The Gym Group Plc
GYS	Gamesys Group Plc
HALA	Halifax Plc
HAN	Hansa Trust Plc
HAS	Hays Plc
HAST	Henderson Alternative ST
HAT	H&T Group Plc
HAYD	Haydale Graphene Industr
HBRN	Hibernia REIT P.L.C.
HCFT	Highcroft Investments Plc
HCM	Hutchison China Meditech Limited
HDD	Hardide Plc
HDEM	Powershares Glbal Funds Ireland Plc
HDLG	Powershares Glbal Funds
HDT	Holders Technology Plc
HEAD	Headlam Group Plc
HEFT	Henderson European Focus Trust Plc
HEMO	Hemogenyx Pharmaceuticals Plc
HEY1	Heylo Housing Secured Bond Plc
HFD	Halfords Group Plc
HFEL	Henderson Far East Income Limited
HFG	Hilton Food Group Plc
HGM	Highland Gold Mining Ld
HGT	Hg Capital Trust Plc
HHI	Henderson High Income Trust Plc
HHPD	Hon Hai Precision Indust
HHV	Hargreave Hale Aim Vct 1 Plc
HICL	Hicl Infrastructure Company Ld
HIK	Hikma Pharmaceuticals Plc
HILS	Hill & Smith Holdings Plc
HINT	Henderson International Income Trust Plc
HL	HARGREAVES LANSDOWN PLC ORD GBP0.004 WI
HLCL	Helical Bar Plc
HLMA	Halma Plc
HMI	Harvest Minerals Limited
HMLH	Hml Holdings Plc
HMSG	Hms Hydraulic Machines
HMSO	Hammerson Plc
HNE	Henderson Eurotrust Plc
HOC	Hochschild Mining Plc
HON	Honeywell International Incorporated
HONY	Honeycomb Investment Trust Plc
HOT	Henderson Opportunites Trust Plc
HOTC	Hotel Chocolat Group Plc
HOYE	Honye Financial Services Limited
HRI	Herald Investment Trust Plc
HRN	Hornby Plc
HSBA	HSBC Holdings Plc
HSBK	Jsc Halyk Bank
HSD	Hansard Global Plc
HSL	Henderson Smaller Companies Investment T
HSM	Heath [Samuel] & Sons Plc
HSP	Hargreaves Services Plc
HSS	Hss Hire Group Plc
HSTG	Hastings Group Holdings Plc
HSV	Homeserve Plc
HSW	Hostelworld Group Plc
HSX	Hiscox Ltd
HTCF	Highbridge Tactical Credit Fund Ltd.
HTG	Hunting Plc
HTOP	Retail Charity Bonds Plc
HTSC	Huatai Securities Co. Ltd.
HTWS	Helios Towers Plc
HUM	Hummingbird Resources Plc
HUNT	Hunters Property Plc
HUR	Hurricane Energy Plc
HUW	Hampden Underwriting Plc
HVPD	Harbourvest Global Private Equity Limite
HVT	Heavitree Brewery Plc
HWDN	Howden Joinery Group Plc
HWG	Harworth Group Plc
HWSL	Hadrian's Wall Secured Investments Limit
HYDG	Hydrogen Group Plc
HYDR	Jsc Rushydro
HYFA	Powershares Glbal Funds Ireland Plc
HYG	Hygea Vct Plc
HYR	Hydrodec Group Plc
HYST	Lyxor Index Fund
HYUD	Hyundai Motor Company
HYVE	Hyve Group Plc
HZD	Horizon Discovery Group
HZM	Horizonte Minerals Plc
I3E	I3 Energy Plc
IAG	International Consolidated Airlines Grou
IAT	Invesco Asia Trust Plc
IBM	International Business Machines Corporat
IBPO	Ienergizer Ld
IBST	Ibstock Plc
IBT	International Biotechnology Trust Plc
ICG2	Intermediate Capital Gro
ICGC	Irish Continental Group Plc
ICGT	Icg Enterprise Trust Plc
ICON	Iconic Labs Plc
ICOW	Pacer Developed Markets International CA
ICP	Intermediate Capital Group Plc
IDE	Ide Group Holdings Plc
IDEA	Ideagen Plc
IDH	Immunodiagnostic Systems Holdings Plc
IDHC	Integrated Diagnostics H
IDOX	Idox Plc
IDP	Innovaderma Plc
IEM	Impax Environmental Markets Plc
IES	
IGAS	Igas Energy Plc
IGC	India Capital Growth Fund Limited
IGE	Image Scan Holdings Plc
IGG	IG Group Holdings Plc
IGP	Intercede Group Plc
IGR	International Greetings Plc
IGV	Income & Growth Vct [The] Plc
IHC	Inspiration Healthcare G
IHG	Intercontinental Hotels Group Plc
IHP	Integrafin Holdings Plc
IHR	Impact Healthcare REIT Plc
III	3I Group Plc
IIMFL	Russell 1000 Invesco Dynamic Multifactor
IIMFS	Russell 2000 Invesco Dynamic Multifactor
IIP	Infrastructure India Plc
IIT	Independent Investment Trust Plc
IKA	Ilika Plc
IL0A	Permanent Tsb Group Hold
IMB	Imperial Brands
IMC	Imc Exploration Group Plc
IME	Immedia Group Plc
IMI	IMI Plc
IMM	Immupharma Plc
IMMO	Immotion Group Plc
IMO	Imimobile Plc
INCE	Ince Group Plc (The)
INCH	Inchcape Plc
IND	Indigovision Group Plc
INDI	Indus Gas Limited
INDV	Indivior Plc
INF	Informa Plc
INFA	Infrastrata Plc
ING	Ingenta Plc
INHC	Induction Healthcare Group Plc
INL	Inland Homes Plc
INLZ	Inland Zdp Plc
INPP	International Public Partnerships Ld
INRL	Lyxor International Asse
INS	Instem Plc
INSE	Inspired Energy Plc
INSP	Inspirit Energy Holdings
INTO	Intosol Holdings Plc
INTU	Intu Properties Plc
INV	Investment Company Plc
INVP	Investec Plc
INX	I-Nexus Global Plc
IOF	Iofina Plc
IOG	Independent Oil & Gas Pl
IOM	Iomart Group Plc
IPE	Invesco Enhanced Income Ltd.
IPEL	Impellam Group Plc
IPF	International Personal Finance Plc
IPO	Ip Group Plc
IPOUSA	Renaissance IPO Index
IPOXUS	Ipox US Index
IPOXUSN	Ipox US Net Return Index
IPU	Invesco Perpetual UK Smaller Companies I
IPX	Impax Asset Management Group Plc
IQAI	Iq-Ai Limited
IQE	Iqe Plc
IQG	Iqgeo Group Plc
IRON	Ironveld Plc
IRR	Ironridge Resources Limi
ISPY	Go Ucits ETF Solutions Plc
ITM	Itm Power Plc
ITRK	Intertek Group Plc
ITV	Itv Plc
ITX	Itaconix Plc
IVI	Invesco Income Growth Trust Plc
IVPB	Invesco Perpetual Select Trust Plc
IWG	Iwg Plc
IXI	Ixico Plc
JAM	Jpmorgan American Investment Trust Plc
JAN	Jangada Mines Plc
JAR	Jardine Matheson Holding
JARA	Jpmorgan Global Core Real Assets Limited
JAY	Bluejay Mining Plc
JCH	Jpmorgan Claverhouse Investment Trust Pl
JD	JD Sports Fashion
JDG	Judges Scientific Plc
JDIV	JP Morgan US Dividend Index
JDS	Jardine Strategic Holdin
JDW	Wetherspoon [ J.D.] Plc
JEFI	Jupiter Emerging & Frontier Income Trust
JEL	Jersey Electricity Plc
JEMI	Jpmorgan Global Emerging Markets Income
JEO	Jupiter European Opportunities Trust Plc
JESC	Jpmorgan Euro Small Co. Trust Plc
JETG	Jpmorgan European Investment Trust Plc
JFJ	Jpmorgan Japanese Investment Trust Plc
JGC	Jupiter Green Investment Trust Plc
JHD	James Halstead Plc
JHEF	Fundlogic Alternatives Plc
JII	Jpmorgan Indian Investment Trust Plc
JIM	Jarvis Securities Plc
JKX	Jkx Oil & Gas Plc
JLEN	John Laing Environmental
JLG	John Laing Group Plc
JLH	John Lewis of Hungerford Plc
JLP	Jubilee Platinum Plc
JMAT	Johnson Matthey Plc
JMF	Jpmorgan Mid Capital Investment Trust Pl
JMG	Jpmorgan Emerging Markets Investment Tru
JMI	Jpmorgan Smaller Companies Investment TR
JNEO	Journeo Plc
JOG	Jersey Oil and Gas Plc
JOUL	Joules Group Plc
JP2E	Leverage Shares Public Limited Company
JPB	Jpmorgan Brazil Investment Trust Plc
JPE	Jpmorgan Elect Plc
JPEL	J.P. Morgan Private Equity Ld
JPM2	Leverage Shares Public Limited Company
JPNL	Lyxor International Asse
JPS	Jpmorgan Japan Smaller CO Tst Plc
JQUA	JP Morgan US Quality Factor Index
JRS	Jpmorgan Russian Securities Plc
JSE	Jadestone Energy Inc
JSG	Johnson Service Group Plc
JTC	Jtc Plc
JUKG	Jupiter UK Growth Investment Trust Plc
JUP	Jupiter Fund Management Plc
JUS	Jupiter US Smaller Compa
JUSC	Jpmorgan US Smaller Co. Inv Tst Plc
JUST	Just Group Plc
JVAL	JP Morgan US Value Factor Index
JWNG	Jaywing Plc
K3C	K3 Capital Group Plc
KAP	Joint Stock Company National Atomic Comp
KAPE	Kape Technologies Plc
KAT	Katoro Gold Plc
KAV	Kavango Resources Plc
KAY	Kings Arms Yard Vct Plc
KAZ	Kaz Minerals Plc
KBT	K3 Business Technology Group Plc
KCEL	Kcell Joint Stock Compan
KCR	K&C REIT Plc
KCT	Kin and Carta Plc
KDNC	Cadence Minerals Plc
KDR	Karelian Diamond Resources Plc
KEFI	Kefi Minerals Plc
KETL	Strix Group Plc
KEYS	Keystone Law Group Plc
KGF	Kingfisher Plc
KGH	Knights Group Holdings Plc
KGP	Kingspan Group Plc
KIBO	Kibo Mining Plc
KIE	Kier Group Plc
KIT	Keystone Investment Trust Plc
KLR	Keller Group Plc
KMK	Kromek Group Plc
KMR	Kenmare Resources Plc
KNM	Konami Corporation
KNOS	Kainos Group Plc
KOD	Kodal Minerals Plc
KOS	Kosmos Energy Ltd
KP2	Kore Potash Plc
KRM	Krm22 Plc
KRPZ	Kropz Plc
KRS	Keras Resources Plc
KRW	Lyxor International Asse
KWG	Kingswood Holdings Limited
KWS	Keywords Studios Plc
KYGA	Kerry Group Plc
KZG	Kazera Global Plc
L6EW	Ossiam Lux
LAM	Lamprell Plc
LAND	Land Securities Group Plc
LAS	London & Associated Properties Plc
LBE	Longboat Energy Plc
LBOW	Icg-Longbow Senior Secur
LCPE	Ossiam Lux
LDCU	Pimco Fixed Income Sourc
LDSG	Leeds Group Plc
LEGR	First Trust Global Funds Public Limited
LEK	Lekoil Limited
LEMD	Lyxor International Asse
LEMV	Ossiam Lux
LFI	London Finance & Investment Group Plc
LGAG	Legal & General Ucits ETF Public Limited
LGCF	Source Markets Public Limited Company
LGEG	Legal & General Ucits ETF Public Limited
LGEN	Legal & General Group Plc
LGEU	Legal & General Ucits ETF Public Limited
LGLD	Lg Electronics Inc
LGRS	Loungers Plc
LGUG	Legal & General Ucits ETF Public Limited
LID	Lidco Group Plc
LIO	Liontrust Asset Management Plc
LIT	Litigation Capital Management Limited
LIV	Livermore Investments Group Limited
LKOD	Lukoil [Oao]
LLD5	Lloyds Banking Group Plc
LME	Limitless Earth Plc
LMMV	Ossiam Lux
LMP	Londonmetric Property Pl
LMS	Lms Capital Plc
LND	Landore Resources Limited
LNTA	Lenta Ltd
LOGP	Lansdowne Oil & Gas Plc
LOK	Lok'n Store Group Plc
LOOK	Lookers Plc
LOOP	Loopup Group Plc
LPA	Lpa Group Plc
LQQ3	Boost Issuer Public Limited Company
LRE	Lancashire Holdings Limited
LSAA	Life Settlement Assets Plc
LSAI	Location Sciences Group Plc
LSC	London Security Plc
LSE	London Stock Exchange Group Plc
LSE1	London Stock Exchange Gr
LSL	Lsl Property Services Plc
LSRG	Ojsc Lsr Group
LTG	Learning Technologies Gr
LTHM	Latham [James] Plc
LTI	Lindsell Train Investment Trust Plc
LTMU	Lyxor International Asse
LTOD	Larsen and Toubro Limite
LUCE	Luceco Plc
LUK2	Go Ucits ETF Solutions P
LUMV	Ossiam Lux
LVCG	Live Company Group Plc
LWDB	Law Debenture Corporation Plc
LWI	Lowland Investment Company Plc
LWMV	Ossiam Lux
LXI	Lxi REIT Plc
M9SV	Market Access
MAB	Mitchells & Butlers Plc
MAB1	Mortgage Advice Bureau [
MAC	Marechale Capital Plc
MACF	Macfarlane Group Plc
MAFL	Mineral & Financial Investment Ltd
MAI	Maintel Holdings Plc
MAIL	Mail.Ru Group Limited
MAJE	Majedie Investments Plc
MANO	Manolete Partners Plc
MARS	Marston's Plc
MATD	Petro Matad Limited
MATE	Jpmorgan Multi-Asset Trust Plc
MAV4	Maven Income & Growth Vc
MAVD	Magyar Telekom Telecommu
MBH	Michelmersh Brick Holdings Plc
MBO	Mobilityone Limited
MBT	Mobile Tornado Group Plc
MCAP	Retail Charity Bonds Plc
MCB	Mcbride Plc
MCKS	Mckay Securities Plc
MCL	Morses Club Plc
MCLS	Mccoll's Retail Group Pl
MCM	Mc Mining Ltd
MCON	Mincon Group Plc
MCP2	Retail Charity Bonds Plc
MCRO	Micro Focus International Plc
MCS	Mccarthy & Stone Plc
MCT	Middlefield Canadian Income Pcc
MDC	Mediclinic International Plc
MDMG	MD Medical Group Investm
MDZ	Mediazest Plc
MED	Medaphor Group Plc
MEL	Mitsubishi Electric Corporation
MER	Mears Group Plc
MERC	Mercia Asset Management Plc
MERI	Merian Chrysalis Investment Company Limi
META	Boost Issuer Public Limited Company
MEUD	Lyxor Index Fund
MEUG	Lyxor International Asse
MFDD	Lyxor Index Fund
MFX	Manx Financial Group Plc
MGAM	Morgan Crucible CO Plc
MGCI	M&G Credit Income Investment Trust Plc
MGGT	Meggitt Plc
MGNS	Morgan Sindall Group Plc
MGNT	Ojsc Magnit
MGP	Medica Group Plc
MGTU	Lyxor International Asse
MHID	Mahindra & Mahindra Limi
MHM	Marsh & Mclennan Cos. Inc
MHN	Menhaden Capital Plc
MHPC	Mhp S.A
MIBX	Lyxor International Asse
MIDW	Midwich Group Plc
MIG	Mobeus Income & Growth 2 Vct Plc
MIG1	Maven Income & Growth Vc
MIG4	Mobeus Income & Growth 4
MIG5	Maven Income and Growth
MIGO	Miton Global Opportunities Plc
MIL	Myanmar Investments Inte
MIN	Minoan Group Plc
MIND	Mind Gym Plc
MINI	Miton UK Microcap Trust
MIRA	Mirada Plc
MIRI	Mirriad Advertising Plc
MIX	Mobeus Income & Growth Vct Plc
MJH	Mj Hudson Group Plc
MKA	Mkango Resources Ltd
MKS	Marks and Spencer Group Plc
MKUW	Invesco Markets Plc
MLPD	Source Markets Public Li
MLPI	Go Ucits ETF Solutions P
MLPP	Source Markets Public Li
MLPX	Go Ucits ETF Solutions P
MLVN	Malvern International Plc
MMC	Management Consulting Group Plc
MMH	Marshall Motor Holdings
MMIT	Mobius Investment Trust Plc
MMK	Ojsc Magnitogorsk Iron &
MMM	Minnesotta M&M
MMX	Minds + Machines Group L
MNDI	Mondi Plc
MNG	M&G Plc
MNKS	Monks Investment Trust Plc
MNL	Manchester & London Investment Trust Plc
MNO	Maestrano Group Plc
MNOD	Mmc Norilsk Nickel
MNP	Martin Currie Global Portfolio Trust Plc
MNRG	Metalnrg Plc
MNTN	The Schiehallion Fund Limited
MNZS	Menzies[John] Plc
MOGP	Mountfield Group Plc
MONY	Moneysupermarket.com Group Plc
MOS	Mobile Streams Plc
MOSB	Moss Bros Group Plc
MOTR	Motorpoint Group Plc
MPAC	Mpac Group Plc
MPE	M.P. Evans Group Plc
MPH	Mereo Biopharma Group Limited
MPL	Mercantile Ports & Logistics Limited
MPLF	Marble Point Loan Financing Limited
MPO	Macau Property Opportunities Fund Limite
MRC	Mercantile Investment Trust [The] Plc
MRCH	Merchants Trust Plc
MRL	Marlowe Holdings Limited
MRO	Melrose Plc
MRW	Morrison [Wm] Supermarkets Plc
MSAP	Invesco Markets Plc
MSED	Lyxor Index Fund
MSEU	Lyxor International Asse
MSF2	Leverage Shares Public Limited Company
MSI	MS International Plc
MSLH	Marshalls Plc
MSMN	Mosman Oil and Gas Limit
MSYS	Microsaic Systems Plc
MTC	Mothercare Plc
MTE	Montanaro European Smaller C. Tst Plc
MTFB	Motif Bio Plc
MTMY	Matomy Media Group Ltd
MTO	Mitie Group Plc
MTPH	Midatech Pharma Plc
MTR	Metal Tiger Plc
MTRO	Metro Bank Plc
MTU	Montanaro UK Smaller Companies Investmen
MTVW	Mountview Estates Plc
MTW	Mattioli Woods Plc
MUL	Mulberry Group Plc
MUT	Murray Income Trust Plc
MVI	Marwyn Value Investors Limited
MWE	Mti Wireless Edge Ltd
MWG	Modern Water Plc
MWY	Mid-Wynd International Investment Trust
MXCT	Maxcyte Inc
MXEU	Source Markets Public Li
MXFS	Source Markets Public Limited Company
MXWS	Source Markets Public Li
MYI	Murray International Trust Plc
MYSL	Mysale Group Plc
MYX	Mycelx Technologies Corporation
N098	Namibia Local Index
N099	Namibia Overall Index
N135	Namibia Chemicals Index
N177	Namibia Africa Minning I
N272	Namibia Africa Genaral I
N353	Namibia Beverages Index
N357	Namibia Africa Food Prod
N400	Source Markets Public Li
N453	Ftse/Namibian Overall In
N4P	N4 Pharma Plc
N4US	Source Markets Public Li
N510	Namibia Basic Materials
N520	Namibia Africa Industria
N530	Namibia Consumer Goods I
N533	Namibia Africa Food&Drug
N537	Namibia Africa General R
N540	Ftse/Namibian Overall In
N550	Namibia Consumer Service
N580	Namibia Africa Financial
N835	Namibia Banks Index
N853	Namibia Africa Nonlife I
N857	Namibia Africa Life Insu
N863	Namibia Real Estate Inve
N867	Ftse/Namibian Overall In
N877	Namibia Africa Genaral F
NAH	Nahl Group Plc
NAIT	North American Income Trust [The] Plc
NAK	Nakama Group Plc
NANO	Nanoco Group Plc
NAR	Northamber Plc
NAS	North Atlantic Smaller Companies Investm
NASD	Lyxor International Asset Management
NBB	Norman Broadbent Plc
NBDG	Nb Distressed Debt Inves
NBI	Northbridge Industrial Services Plc
NBLS	Nb Global Floating Rate Income Fund Limi
NBPE	Nb Private Equity Partners Limited
NBS	Nationwide Building Society
NCC	Ncc Group Plc
NCCL	Ncondezi Coal Company Limited
NCSP	Public Joint Stock Compa
NCYF	New City High Yield Fund Limited
NCYT	Novacyt S.A.
NESF	Nextenergy Solar Fund Li
NET	Netcall Plc
NETW	Network International Holdings Plc
NEX	National Express Group Plc
NEXS	Nexus Infrastructure Plc
NFC	Next Fifteen Communications Group Plc
NFL2	Leverage Shares Public Limited Company
NFX	Nuformix Plc
NG	NATIONAL GRID TRACO ord gbp0.10
NG1Q	National Grid Plc
NICL	Nichols Plc
NJXE	Nomura Next Funds Irelan
NLB	Nova Ljubljanska Banka D.D. Ljubljana
NLMK	Ojsc Novolipetsk Steel
NMCN	Nmcn Plc
NMXDEN	Ftse350Domexpntind
NOG	Nostrum Oil & Gas Plc
NPSN	Naspers Limited
NRR	Newriver Retail Limited
NSCI	Netscientific Plc
NSF	Non-Standard Finance Plc
NSH	Norish Plc
NSI	New Star Investment Trust Plc
NTBR	Northern Bear Plc
NTEA	Northern Electric Plc
NTN	Northern 3 Vct Plc
NTOG	Nostra Terra Oil and Gas Company Plc
NTQ	Enteq Upstream Plc
NTV	Northern 2 Vct Plc
NUC	Nucleus Financial Group Plc
NUM	Numis Corporation Plc
NVD2	Leverage Shares Public Limited Company
NVT	Northern Venture Trust Plc
NVTK	Oao Novatek
NWBD	National Westminster Bank Plc
NWF	Nwf Group Plc
NWT	Newmark Security Plc
NXKE	Nomura Next Funds Irelan
NXR	Norcros Plc
NXT	Next Plc
OAP3	Octopus Apollo Vct Plc
OBC	Online Blockchain Plc
OBD	Oxford Biodynamics Plc
OCDO	Ocado Group Plc
OCI	Oakley Capital Investments Limited
OCN	Ocean Wilsons [Holdings] Ld
OCT	Octagonal Plc
ODX	Omega Diagnostics Group Plc
OEX	Oilex Ld
OGLD	Deutsche Boerse Commodities Gmbh
OGN	Origin Enterprises Plc
OGZD	Oao Gazprom
OIG	Oryx International Growth Fund Ltd
OIH	Orascom Investment Holding S.A.E
OIL3	UBS Ag
OIT	Odyssean Investment Trust Plc
OKEY	O'Key Group S.A.
OKYO	Okyo Pharma Limited
OLY3	Lyxor International Asset Management
OMG	Omg Plc
OMI	Orosur Mining Inc
OMIP	One Media Ip Group Plc
OMU	Old Mutual Ltd
ONC	Oncimmune Holdings Plc
OOA	Octopus Aim Vct Plc
OOUT	Ocean Outdoor Limited
OPG	Opg Power Ventures Plc
OPM	1Pm Plc
OPP	Origo Partners Plc
OPTI	Optibiotix Health Plc
ORCH	Orchard Funding Group Pl
ORCP	Oracle Coalfields Plc
ORIT	Octopus Renewables Infrastructure Trust
ORM	Ormonde Mining Plc
ORPH	Open Orphan Plc
ORR	Oriole Resources Plc
OSB	Onesavings Bank Plc
OSEC	Octopus Second Aim Vct Plc
OSI	Osirium Technologies Plc
OTB	On The Beach Group Plc
OTMP	Onthemarket Plc
OTT	Oxford Technology 3 Venture Capital Trus
OTV2	Octopus Titan Vct Plc
OVB	Ovoca Bio Plc
OXA1	DB Etc Plc
OXB	Oxford Biomedica Plc
OXDX	DB X-Trackers
OXF	Oxford Technology 4 Venture Capital Trus
OXIG	Oxford Instruments Plc
OXT	Oxford Technology Venture Capital Trust
PAC	Pacific Assets Trust Plc
PAF	Pan African Resources Plc
PAG	Paragon Group of Companies Plc
PAG1	Paragon Group of Compani
PAGE	Pagegroup Plc
PAL	Equatorial Palm Oil Plc
PALM	Asian Plantations Limited
PANR	Pantheon Resources Plc
PAT	Panthera Resources Plc
PAY	Paypoint Plc
PBLT	Toc Property Backed Lending Trust Plc
PCA	Palace Capital Plc
PCF	Private & Commercial Finance Group Plc
PCFT	Polar Capital Global Fin
PCGH	Polar Cap Glbl Health Gwth&Inc Tst Plc
PCIP	Pci-Pal Plc
PCT	Polar Capital Technology Trust Plc
PCTN	Picton Property Income Ld
PDG	Pendragon Plc
PDL	Petra Diamonds Limited
PDZ	Prairie Mining Limited
PEB	Pebble Beach Systems Group Plc
PEBB	The Pebble Group Plc
PEG	Petards Group Plc
PEMD	Source Markets II Plc
PEMV	Pembroke Vct Plc
PEN	Pennant International Group Plc
PERE	Pembridge Resources Plc
PET	Petrel Resources Plc
PETB	Omv Petrom S.A.
PETS	Pets At Home Group Plc
PEY	Princess Private Equity Holding Limited
PFC	Petrofac Limited
PFD	Premier Foods Plc
PFG	Provident Financial Plc
PFP	Pathfinder Minerals Plc
PFP2	Places For People Finance Plc
PGH	Personal Group Holdings Plc
PGHZ	Pcgh Zdp Plc
PGIT	Premier Global Infrastructure Trust Plc
PGIZ	Pgit Securities 2020 Plc
PGOO	Proven Growth & Income Vct Plc
PGR	Phoenix Global Resources Plc
PHAR	Pharos Energy Plc
PHC	Plant Health Care Plc
PHD	Proactis Holdings Plc
PHE	Powerhouse Energy Group Plc
PHEF	Fundlogic Alternatives Plc
PHI	Pacific Horizon Investment Trust Plc
PHNX	Phoenix Group Holdings
PHOR	Ojsc Phosagro
PHP	Primary Health Properties Plc
PHSC	Phsc Plc
PHTM	Photo-Me International Plc
PIER	Brighton Pier Group Plc [The]
PIEXL	Pacer International Export Leaders Index
PIEXLN	Pacer International Export Leaders Net T
PIN	Pantheon International Participations Pl
PIP	Pipehawk Plc
PIRI	Pires Investments Plc
PLAZ	Plaza Centers N.V.
PLI	Perpetual Income and Growth Investment T
PLP	Polypipe Group Plc
PLUS	Plus500 Ltd
PLZA	Public Joint Stock Company Polyus
PMG	Parkmead Group [The] Plc
PMI	Premier Miton Group Plc
PMO	Premier Oil Plc
PMP	Portmeirion Group Plc
PNL	Personal Assets Trust Plc
PNN	Pennon Group Plc
PNS	Panther Securities Plc
POBA	Nationwide Building Society
POG	Petropavlovsk Plc
POL	Polo Resources Limited
POLR	Polar Capital Holdings Plc
POLX	Polarean Imaging Plc
POLY	Polymetal International Plc
POS	Plexus Holdings Plc
POW	Power Metal Resources Plc
PPC	President Petroleum Company Plc
PPG	Plutus Powergen Plc
PPH	Pphe Hotel Group Limited
PPIX	Prophotonix Limited
PPP	Pennpetro Energy Plc
PPS	Proton Power Systems Plc
PQVG	Powershares Glbal Funds Ireland Plc
PRAC	Invesco Markets II Plc
PRD	Predator Oil & Gas Holdings Plc
PREM	Premier African Minerals
PRES	Pressure Technologies Plc
PRFD	Source Markets II Plc
PRFP	Invesco Markets II Plc
PRIM	Primorus Investments Plc
PRM	Proteome Sciences Plc
PRP	Prime People Plc
PRSM	Blue Prism Group Plc
PRSR	Prs REIT [The] Plc
PRTC	Puretech Health Plc
PRU	Prudential Plc
PRUS	Powershares Glbal Funds
PRV	Porvair Plc
PSDL	Phoenix Spree Deutschlan
PSH	Pershing Square Holdings Ltd
PSN	Persimmon Plc
PSON	Pearson Plc
PSRE	Powershares Glbal Funds Ireland Plc
PSSL	Pollen Street Secured Lending Plc
PTAL	Petrotal Corporation
PTD	Pittards Plc
PTEC	Playtech Limited
PTR	Petroneft Resources Plc
PTRO	Pelatro Plc
PTY	Parity Group Plc
PUIG	Source Markets II Plc
PUIP	Invesco Markets II Plc
PUR	Pure Wafer Plc
PURE	Purecircle Limited
PURP	Purplebricks Group Plc
PVCS	Pv Crystalox Solar Plc
PVG	Premier Veterinary Group
PVN	Proven Vct Plc
PVR	Providence Resources Plc
PXC	Phoenix Copper Ltd.
PXOG	Prospex Oil and Gas Plc
PXS	Provexis Plc
PYC	Physiomics Plc
PZC	Pz Cussons Plc
QDII1	Ftse/Xinhua Hong Kong IN
QFI	Quadrise Fuels International Plc
QLT	Quilter Plc
QQ	qinetiq group ord gbp0
QQQ3	Boost Issuer Public Limi
QRT	Quarto Group Incorporated
QTX	Quartix Holdings Plc
QUIZ	Quiz Plc
QXT	Quixant Plc
R4E	Reach4Entertainment Ente
RAI	Ra International Group Plc
RAT	Rathbone Brothers Plc
RAV	Raven Property Group Limited
RB	Reckitt Benckiser
RBD	Reabold Resources Plc
RBG	Revolution Bars Group Pl
RBGP	Rosenblatt Group Plc
RBN	Robinson Plc
RBS	Royal Bank of Scotland Group Plc
RBW	Rainbow Rare Earths Limited
RCDO	Ricardo Plc
RCH	Reach Plc
RCN	Redcentric Plc
RCOI	Riverstone Credit Opportunities Income P
RCP	Rit Capital Partners Plc
RDI	Redefine International P.L.C.
RDL	Rdl Realisation Plc
RDSA	Royal Dutch Shell Plc
RDT	Rosslyn Data Technologie
RDW	Redrow Plc
RDXS	Source Markets Public Limited Company
RE	R.e.a. Holdings
RE.B	R.E.A. Holdings Plc
REAT	React Group Plc
REC	Record Plc
RECI	Real Estate Credit Investments Pcc Limit
REDD	Redde Plc
REDX	Redx Pharma Plc
REL	Reed Elsevier Plc
RENE	Reneuron Group Plc
RENX	Renalytix Ai Plc
RESI	Residential Secure Income Plc
RFX	Ramsdens Holdings Plc
RGD	The Real Good Food Company Plc
RGL	Regional REIT Limited
RGM	Regency Mines Plc
RGO	Riverfort Global Opportunities Plc
RGP	Ross Group Plc
RHIM	Rhi Magnesita N.V.
RICA	Ruffer Investment Company Ltd
RICI	RBS Market Access
RICO	Ricoh CO Ltd
RIEG	Legal & General Ucits ETF Public Limited
RIFS	Reliance Infrastructure
RIGD	Reliance Industries Limi
RIII	Rights & Issues Investment Trust Plc
RIO	Rio Tinto Plc
RIOL	Lyxor International Asse
RIUG	Legal & General Ucits ETF Public Limited
RIV	River and Mercantile Gro
RKH	Rockhopper Exploration Plc
RKMD	Ojsc Rostelecom
RLD	Richland Resources Ltd
RLE	Real Estate Investors Plc
RM	RM Plc
RMDL	Rm Secured Direct Lending Plc
RMDSEW	Russell Midcap Dividend Select Equal Wei
RMDZ	Rm Zdp Plc
RMG	Royal Mail Plc
RMM	Rambler Metals & Mining Plc
RMMC	River and Mercantile UK
RMP	Red Emperor Resources NL
RMS	Remote Monitored Systems Plc
RMV	Rightmove Plc
RNK	Rank Group Plc
RNO	Renold Plc
RNWH	Renew Holdings Plc
ROAI	Lyxor Index Fund
ROBE	Go Ucits ETF Solutions P
ROCK	Rockfire Resources Plc
ROL	Rotala Plc
ROR	Rotork Plc
ROSE	Rose Petroleum Plc
ROSN	Ojsc Oc Rosneft
RPS	Rps Group Plc
RQFI	DB X-Trackers
RQIH	Randall & Quilter Investment Holdings Pl
RR	Rolls Royce Group
RRE	Rockrose Energy Plc
RRR	Red Rock Resources Plc
RSA	Rsa Insurance Group Plc
RSE	Riverstone Energy Limite
RSG	Resolute Mining Limited
RSGL	Lyxor International Asse
RST	Restore Plc
RSVL	Lyxor International Asse
RSW	Renishaw Plc
RTC	Rtc Group Plc
RTN	Restaurant Group Plc
RTO	Rentokil Initial Plc
RTW	Rtw Venture Fund Limited
RTWO	Etfx Fund Company Plc
RTYS	Source Markets Public Limited Company
RUR	Rurelec Plc
RUSB	Iti Funds Ucits ETF Sicav
RUSG	Lyxor International Asse
RWA	Robert Walters Plc
RWI	Renewi Plc
RWS	Rws Holdings Plc
RYA	Ryanair Holdings Plc
S100	Source Markets Public Li
S32	South32 Limited
S400	Source Markets Public Li
S5SD	UBS (Irl) ETF Plc
S600	Source Markets Public Li
S6EW	Ossiam Lux
S7XP	Source Markets Public Li
SAA	M&C Saatchi Plc
SAE	Simec Atlantis Energy Limited
SAFE	Safestore Holdings Plc
SAG	Sagentia Group Plc
SAGA	Saga Plc
SAIN	Scottish American Investment Co. Plc
SAL	Spaceandpeople Plc
SAN	Santander UK Plc
SAR	Sareum Holdings Plc
SAV	Savannah Resources Plc
SAVE	
SBER	Sberbank of Russia
SBID	State Bank of India
SBIO	Source Markets Public Li
SBIZ	The Simplybiz Group Plc
SBRE	Sabre Insurance Group Plc
SBRY	Sainsbury [J] Plc
SBTX	Skinbiotherapeutics Plc
SBUY	Powershares Glbal Funds
SCE	Surface Transforms Plc
SCF	Schroder Income Growth Fund Plc
SCGL	Sealand Capital Galaxy Limited
SCHO	Scholium Group Plc
SCIN	Scottish Investment Trust Plc
SCLP	Scancell Holdings Plc
SCP	Schroder UK Mid Cap Fund Plc
SCPA	Scapa Group Plc
SCRF	Sme Credit Realisation Fund Limited
SCS	Scs Group Plc
SCT	Softcat Plc
SDI	Sdi Group Plc
SDL	Sdl Plc
SDP	Schroder Asiapacific Fund Plc
SDR	Schroders Plc
SDRY	Superdry Plc
SDV	Small Companies Dividend Trust Plc
SDVP	Sdv 2025 Zdp Plc
SDX	Sdx Energy Inc
SDY	Speedy Hire Plc
SEC	Strategic Equity Capital Plc
SECG	Sec S.P.A.
SEE	Seeing Machines Limited
SEFA	Shefa GEMS Ltd.
SEIT	Sdcl Energy Efficiency Income Trust Plc
SENS	Sensyne Health Plc
SENX	Serinus Energy Plc
SEPL	Seplat Petroleum Develop
SEQI	Sequoia Economic Infrast
SERE	Schroder European Real Estate Investment
SEY	Sterling Energy Plc
SFE	Safestyle UK Plc
SFOR	S4 Capital Plc
SFR	Severfield-Rowen Plc
SG93	Sg Issuer
SGC	Stagecoach Group Plc
SGE	Sage Group Plc
SGEM	Scotgems Plc
SGGD	Ojsc Surgutneftegas
SGI	Stanley Gibbons Group Plc
SGLD	Source Physical Markets Plc
SGM	Sigma Capital Group Plc
SGRO	Segro Plc
SGVB	Lyxor Index Fund
SGZ	Scotgold Resources Limited
SHB	Shaftesbury Plc
SHED	Urban Logistics REIT Plc
SHG	Shanta Gold Limited
SHI	Sig Plc
SHIP	Tufton Oceanic Assets Limited
SHOE	Shoe Zone Plc
SHRE	Share Plc
SHRS	Shires Income Plc
SIG	Signature Aviation Plc
SIGT	Seneca Global Income & G
SIHL	Symphony International Holdings Ld
SIM	Simigon Ltd
SIR	Secure Income REIT Plc
SIS	Science IN Sport Plc
SIXH	600 Group Plc
SJG	Schroder Japan Growth Fund Plc
SJH	ST James House Plc
SKG	Smurfit Kappa Group Plc
SKIN	Integumen Plc
SKMD	Sk Telecom CO Ld
SKYU	First Trust Global Funds Public Limited
SLA	Standard Life Plc
SLE	San Leon Energy Plc
SLI	Standard Life Investments Property Incom
SLN	Silence Therapeutics Plc
SLNG	Slingsby [H.C.] Plc
SLP	Sylvania Platinum Limited
SLPE	Standard Life Private Equity Trust Plc
SLS	Standard Life UK Smaller Companies Trust
SLVP	Invesco Physical Markets Public Limited
SMDS	Smith [Ds] Plc
SMEU	Source Markets Public Limited Company
SMIF	Twentyfour Select Monthl
SMIN	Smiths Group Plc
SMJ	Smart [J.] & Co. [Contractors] Plc
SML	Strategic Minerals Plc
SMN1	Shariah Multinationals 1
SMP	St.Modwen Properties Plc
SMRT	Smartspace Software Plc
SMS	Smart Metering Systems Plc
SMSD	Samsung Electronics CO L
SMT	Scottish Mortgage Investment Trust Plc
SMTC	Lyxor Index Fund
SMWH	Wh Smith Plc
SN	Smith & Nephew
SNG	Synairgen Plc
SNGR	Societatea Nationala DE
SNN	Sanne Group Plc
SNP	China Petroleum & Chemic
SNR	Senior Plc
SNX	Synectics Plc
SO4	Salt Lake Potash Limited
SOHO	Triple Point Social Housing REIT Plc
SOI	Schroder Oriental Income Fund Limited
SOLG	Solgold Plc
SOLI	Solid State Plc
SOLO	Solo Oil Plc
SOM	Somero Enterprise Inc
SONG	Hipgnosis Songs Fund Limited
SOS	Sosandar Plc
SOU	Sound Oil Plc
SPA	1Spatial Plc
SPAL	Source Physical Markets Plc
SPAP	Source Physical Markets
SPDI	Spdi Secure Property Dev
SPE	Sopheon Plc
SPEC	
SPI	Spire Healthcare Group P
SPO	Sportech Plc
SPPC	ST Peter Port Capital Limited
SPPP	Source Physical Markets
SPPT	Source Physical Markets Plc
SPR	Springfield Properties Plc
SPSC	Spectra Systems Corporation
SPT	Spirent Communications Plc
SPX	Spirax-Sarco Engineering Plc
SPXD	Invesco Markets Plc
SPXP	Source Markets Public Li
SPXS	Source Markets Public Limited Company
SQN	Sqn Asset Finance Income
SQNX	Sqn Asset Finance Income Fund Limited
SQZ	Serica Energy Plc
SRB	Serabi Gold Plc
SRC	Sigmaroc Plc
SRE	Sirius Real Estate Ld
SREI	Schroder Real Estate Investment Trust Li
SRES	Sunrise Resources Plc
SRP	Serco Group Plc
SRT	Software Radio Technology Plc
SSA	Sistema Jsfc
SSE	Sse Plc
SSHY	Pimco Fixed Income Sourc
SSIF	Sqn Secured Income Fund Plc
SSLV	Source Physical Markets Plc
SSON	Smithson Investment Trust Plc
SSPG	Ssp Group Plc
SST	Scottish Oriental Smaller Companies Trus
SSTY	Safestay Plc
STA	Star Phoenix Group Ltd
STAB	Standard Chartered Plc
STAF	Staffline Group Plc
STAN	Standard Chartered Plc
STAR	Starcom Plc
STB	Secure Trust Bank Plc
STCK	Stock Spirits Group Plc
STCM	Steppe Cement Ltd
STEM	Sthree Plc
STHE	Pimco Fixed Income Sourc
STJ	St. James's Place Plc
STLG	Russell US Large Cap Factors Growth Styl
STLV	Russell US Large Cap Factors Value Style
STM	Stm Group PC
STOB	Stobart Group Ld
STP	Stenprop Limited
STS	Securities Trust of Scotland Plc
STU	Studio Retail Group Plc
STUB	Lyxor Index Fund
STVG	Stv Group Plc
STX	Shield Therapeutics Plc
STYC	Pimco Fixed Income Sourc
SUH	Sutton Harbour Group Plc
SUK1	Boost Issuer Public Limi
SUK2	Go Ucits ETF Solutions P
SUMO	Sumo Group Plc
SUN	Surgical Innovations Group Plc
SUPR	Supermarket Income REIT Plc
SUR	Sureserve Group Plc
SURE	Sure Ventures Plc
SUS	S & U Plc
SVE	Starvest Plc
SVM	Svm UK Emerging Fund Plc
SVS	Savills Plc
SVST	Oao Severstal
SVT	Severn Trent Plc
SWEF	Starwood European Real E
SWG	Shearwater Group Plc
SWIM	Lyxor Index Fund
SX5S	Source Markets Public Li
SXS	Spectris Plc
SYM	Symphony Environmental Technologies Plc
SYNC	Syncona Limited
SYND	Auction Gilt
SYNT	Synthomer Plc
SYS	Sysgroup Plc
SYS1	System1 Group Plc
TALK	Talktalk Telecom Group Plc
TAM	Tatton Asset Management Plc
TAN	Tanfield Group Plc
TAST	Tasty Plc
TATE	Tate & Lyle Plc
TAVI	Tavistock Investments Pl
TBCG	Tbc Bank Group Plc
TCAP	Tp Icap Plc
TCM	Telit Communications Plc
TCN	Tricorn Group Plc
TCS	Tcs Group Holding Plc
TDIV	Thinkcapital Etf's N.V.
TE10	Test Stocks
TED	Ted Baker Plc
TEG	Ten Entertainment Group Plc
TEK	Tekcapital Plc
TEM	Templeton Emerging Markets Investment TR
TENG	Ten Lifestyle Group Plc
TEP	Telecom Plus Plc
TERN	Tern Plc
TET	Treatt Plc
TFG	Tetragon Financial Group Limited
TFIF	Twentyfour Income Fund L
TFW	Thorpe [F.W.] Plc
TGBG	Thinkcapital Etf's N.V.
TGL	Transglobe Energy Corporation
TGP	Tekmar Group Plc
THAL	Thalassa Holdings Limited
THR	Thor Mining Plc
THRG	Throgmorton Trust Plc
THRL	Target Healthcare REIT L
THRU	Thruvision Group Plc
THS	Tharisa Plc
TI1	Trian Investors 1 Limited
TIDE	Crimson Tide Plc
TIFS	Ti Fluid Systems Plc
TIGT	Troy Income & Growth Trust Plc
TILS	Tiziana Life Sciences Pl
TIR	Tiger Resource Finance Plc
TKO	Taseko Mines Limited
TLOU	Tlou Energy Limited
TLW	Tullow Oil Plc
TLY	Totally Plc
TM17	Team17 Group PLC
TMG	The Mission Group Plc
TMKS	Oao Tmk
TMO	Time Out Group Plc
TMPL	Temple Bar Investment Trust Plc
TMT	Tmt Investments Plc
TNAE	Thinkcapital Etf's N.V.
TND	Tandem Group Plc
TOM	Tomco Energy Plc
TON	Titon Holdings Plc
TOOP	Toople Plc
TORO	Toro Limited
TOT	Total Produce Plc
TOWN	Town Centre Securities Plc
TPFG	Property Franchise Group Plc [The]
TPG	Tp Group Plc
TPK	Travis Perkins Plc
TPOS	Third Point Offshore Investors Limited
TPT	Topps Tiles Plc
TPX	The Panoply Holdings Plc
TR3G	Invesco Markets II Plc
TRAF	Trafalgar New Homes Plc
TRAK	Trakm8 Holdings Plc
TRB	Tribal Group Plc
TRCS	Tracsis Plc
TRD	Triad Group Plc
TRE3	Invesco Markets II Plc
TREE	Cambium Global Timberland Limited
TRI	Trifast Plc
TRIG	The Renewables Infrastru
TRIN	Trinity Exploration & Pr
TRMR	Tremor International Ltd.
TRN	Trainline Plc
TRP	Tower Resources Plc
TRR	Trident Resources Plc
TRSG	Invesco Markets II Plc
TRT	Transense Technologies Plc
TRU	Trufin Plc
TRX	Tissue Regenix Group Plc
TRXG	Invesco Markets II Plc
TRY	TR Property Investment Trust Plc
TSC5	Tesco Personal Finance P
TSCO	Tesco Plc
TSG	Trans-Siberian Gold Plc
TSGB	Thinkcapital Etf's N.V.
TSI	Two Shields Investments Plc
TSL	Thinksmart Limited
TST	Touchstar Plc
TSTL	Tristel Plc
TSTR	Tri-Star Resources Plc
TSWE	Thinkcapital Etf's N.V.
TTA	Total S.A.
TTG	Tt Electronics Plc
TTST	Tata Steel Limited
TUI	Tui Ag
TUNE	Focusrite Plc
TUNG	Tungsten Corporation Plc
TURL	Lyxor International Asse
TW	Taylor Wimpey
TWD	Trackwise Designs Plc
TWND	Lyxor International Asse
TXP	Touchstone Exploration Inc
TYM	Tertiary Minerals Plc
TYMN	Tyman Plc
TYT	Toyota Motor Corporation
UAI	U and I Group Plc
UANC	Urban&Civic Plc
UAV	Unicorn Aim Vct Plc
UB0A	UBS [Irl] ETF Plc
UC03	UBS (Irl) ETF Plc
UCAP	Ossiam Lux
UCG	United Carpets Group Plc
UDG	United Drug Plc
UEM	Utilico Emerging Markets Limited
UESD	UNIFIED ENERGY SYSTEMS OF RUSSIA GDR-EACH REPR 100 ORD RUB0.50 REG'S'
UEX	Urban Exposure Plc
UFLT	Source Markets II Plc
UFO	Alien Metals Limited
UGNA	Epra/Nareit North America Index [Usd]
UHYG	Lyxor Index Fund
UINC	First Trust Global Funds Public Limited
UJO	Union Jack Oil Plc
UKCM	UK Commercial Property Trust Ld
UKML	UK Mortgages Limited
UKMV	Ossiam Lux
UKOG	UK Oil & Gas Investments
UKR	Ukrproduct Group Limited
UKSR	UBS [Irl] ETF Plc
UKW	Greencoat UK Wind Plc
UL3S	Boost Issuer Public Limited Company
ULE	Ultra Electronics Holdings Plc
ULS	Uls Technology Plc
ULVR	Unilever Plc
UNG	Universe Group Plc
UNGL	Epra/Nareit Global Index [Usd]
UNUS	Epra United States Index
UOG	United Oil & Gas Plc
UPGS	Up Global Sourcing Holdings Plc
UPL	Upland Resources Limited
UPR	Uniphar Plc
UPRA	Epra Europe Index [Usd]
UPVL	UBS [Irl] ETF Plc
URU	Uru Metals Limited
USA	Baillie Gifford US Growth Trust Plc
USAL	Lyxor International Asse
USEF	Fundlogic Alternatives P
USF	US Solar Fund Plc
USFM	UBS [Irl] ETF Plc
USFP	US Solar Fund Plc
USHF	Fundlogic Alternatives Plc
USHY	Lyxor Index Fund
USML	Invesco Markets Plc
USMV	Ossiam Lux
USPG	UBS [Irl] ETF Plc
USPY	Go Ucits ETF Solutions Plc
USY	Unisys Corporation
UTG	Unite Group Plc
UTL	Utilico Investments Limited
UTLE	Utilico Finance Limited
UTLF	Uil Finance Limited
UU	United Utilities
UVEL	Univision Engineering Limited
VAL	Valirx Plc
VANL	Van Elle Holdings Plc
VAST	Vast Resources Plc
VCBC	Vertu Capital Limited
VCP	Victoria Plc
VCT	Victrex Plc
VDTK	Verditek Plc
VEC	Vectura Group Plc
VEIL	Vietnam Enterprise Investments Limited
VEL	Velocity Composites Plc
VELA	Vela Technologies Plc
VEN	Ventus Vct Plc
VEN2	Ventus 2 Vct Plc
VENC	Ventus Vct Plc
VGAS	Volga Gas Plc
VILX	Boost Issuer Public Limited Company
VIN	Value and Income Trust Plc
VIS2	Leverage Shares Public Limited Company
VIXL	Boost Issuer Public Limited Company
VLE	Volvere Plc
VLG	Venture Life Group Plc
VLS	Velocys Plc
VLU	Valeura Energy Inc
VLX	Volex Plc
VMUK	Virgin Money UK Plc
VNC	Ventus 2 Vct Plc
VNET	Vianet Group Plc
VNH	Vietnam Holding Limited
VO25	Vodafone Group Plc
VOF	Vinacapital Vietnam Opportunity Fund Ld
VOG	Victoria Oil & Gas Plc
VOLT	Source Markets Public Limited Company
VP	VP Plc
VRE	Vr Education Holdings Plc
VRP	Verona Pharma Plc
VRPS	Invesco Markets II Plc
VRS	Versarien Plc
VSL	Vpc Specialty Lending IN
VSVS	Vesuvius Plc
VTA	Volta Finance Limited
VTBR	Jsc Vtb Bank
VTC	Vitec Group Plc [The]
VTU	Vertu Motors Plc
VTY	
VVO	Vivo Energy Plc
W7L	Warpaint London Plc
WALG	Walcom Group Limited
WAND	Wandisco Plc
WAS1	Wasps Finance Plc
WATL	Lyxor International Asse
WATR	Water Intelligence Plc
WBI	Woodbois Limited
WCH	Wilmcote Holdings Plc
WCW	Walker Crips Group Plc
WDMV	Ossiam Lux
WEB	Webis Holdings Plc
WEIR	Weir Group Plc
WEN	Wentworth Resources Plc
WEY	Wey Education Plc
WG	Wood Group (John)
WGB	Walker Greenbank Plc
WHI	W.H. Ireland Group Plc
WHR	Warehouse REIT Plc
WIL	Wilmington Group Plc
WIN	Wincanton Plc
WINE	Naked Wines Plc
WINK	M Winkworth Plc
WIZZ	Wizz Air Holdings Plc
WJA	Wameja Limited
WJG	Watkin Jones Plc
WKOF	Weiss Korea Opportunity
WKP	Workspace Group Plc
WLDD	Lyxor International Asse
WMH	William Hill Plc
WOSG	Watches of Switzerland Group Plc
WPC	Witan Pacific Investment Trust Plc
WPHO	Windar Photonics Plc
WPP	Wpp Plc
WRES	W Resources Plc
WRKS	Theworks.Co.Uk Plc
WSBN	Wishbone Gold Plc
WSG	Westminster Group Plc
WSL	Worldsec Ld
WSP	Wynnstay Properties Plc
WTAN	Witan Investment Trust Plc
WTB	Whitbread Plc
WTE	Westmount Energy Limited
WTG	Watchstone Group Plc
WTID	Boost Issuer Public Limi
WWH	Worldwide Healthcare Trust Plc
WYN	Wynnstay Group Plc
X7PP	Source Markets Public Li
XAGG	Go Ucits ETF Solutions Plc
XAR	Xaar Plc
YBSC	Yorkshire Building Society
YCA	Yellow Cake Plc
YEW	Yew Grove REIT Plc
YGEN	Yourgene Health Plc
YNGA	Young & Co's Brewery Plc [Aim]
YOU	Yougov Plc
YU	Yu Group PLC
ZAIM	Zaim Credit Systems Plc
ZAM	Zambeef Products Plc
ZEG	Zegona Communications Pl
ZEN	Zenith Energy Ltd
ZIN	Zinc Media Group Plc
ZIOC	Zanaga Iron Ore Company Limited
ZOE	Zoetic International Plc
ZOL	Zoltav Resources Inc
ZOO	Zoo Digital Group Plc
ZTF	Zotefoams Plc
ZYT	Zytronic Plc
